{"classes": ["Good Job", "hello", "water"], "scaler_mean": [0.35721165451827463, 0.634891048373792, 7.493160991614996e-08, 0.38457424888674846, 0.5993649687543011, -0.01583482364855543, 0.4083834920553553, 0.5553930257790841, -0.02616619340951969, 0.4230470191312316, 0.5193639747648431, -0.036362988725134625, 0.42676050710998126, 0.49274620993825413, -0.046190005335480164, 0.41155316105624973, 0.5065025439198385, -0.011632401694087732, 0.42450895495462737, 0.4710668161411413, -0.02596412996686101, 0.42390313544529395, 0.4545658500802597, -0.038219886127489756, 0.4210918630729586, 0.44255413605062754, -0.046226639787341435, 0.3957449026755839, 0.5144654016366741, -0.012889115175000987, 0.4022207596158021, 0.47763597125175017, -0.027158557321726236, 0.3993800432490022, 0.47103873775309363, -0.03766256065386025, 0.39485349211116766, 0.4670763403777308, -0.04389764429007547, 0.37833748447815047, 0.5298711775533305, -0.01628292066235742, 0.38296321664480554, 0.4973605895202432, -0.02988717269782136, 0.3823312720996421, 0.501413701364658, -0.03208057568002263, 0.379135520966261, 0.5061420772299671, -0.03176983213091215, 0.3603859173771519, 0.5513113965124092, -0.02124598840014824, 0.36431206102739244, 0.5276858090554308, -0.031103147007568874, 0.36383556829602925, 0.5290790762277258, -0.029900187771414184, 0.361327932484998, 0.5316950818836289, -0.02734984168036675], "scaler_scale": [0.08364229389385139, 0.07169875416240801, 2.653081229412368e-07, 0.07952968326087337, 0.08479256501290235, 0.00865258641682092, 0.08080498702057347, 0.09280750566598252, 0.013325420311318434, 0.08830777483310351, 0.09931705537509979, 0.017294688844389585, 0.10177952480014425, 0.10454501803148818, 0.021572980816943314, 0.08868977617723464, 0.07325121017632205, 0.013865151054972467, 0.09213647654374894, 0.06590105414546123, 0.02142856927379458, 0.08432830986847142, 0.07029157390738537, 0.025791777653156482, 0.07754448085721337, 0.07997939024569789, 0.028656111902986482, 0.09780217986944557, 0.06563423973516112, 0.014632878901349271, 0.10380451687105242, 0.06719060023326667, 0.024650807801867087, 0.0953565507677503, 0.07660515044055748, 0.028271756260310244, 0.0878362224992201, 0.09132605395854103, 0.02972982415827234, 0.10610204734704025, 0.06174322991513376, 0.01593481741185337, 0.112377546601464, 0.0677110624224395, 0.026309634844775737, 0.1018524851942001, 0.07538058588625964, 0.028165403242986345, 0.09348735959456056, 0.08870266694295821, 0.027948467998297158, 0.1133106172121215, 0.05976973009471195, 0.017518147399666038, 0.11763282759905047, 0.0658074408013687, 0.025867970557686096, 0.10762404440389789, 0.07134967859295592, 0.02818479863461822, 0.09990726314505188, 0.08132388918423342, 0.02893794773002701]}